pageid,title,url,revision_id,revision_timestamp,categories,file
28745947,1/3–2/3 conjecture,https://en.wikipedia.org/wiki/1/3%E2%80%932/3_conjecture,1368808118,2026-08-11T06:00:58Z,Category:Unsolved problems in mathematics,pages/28745947.wiki
506330,3SUM,https://en.wikipedia.org/wiki/3SUM,1321403038,2025-11-10T09:06:09Z,Category:Unsolved problems in computer science,pages/506330.wiki
21681084,Aanderaa–Karp–Rosenberg conjecture,https://en.wikipedia.org/wiki/Aanderaa%E2%80%93Karp%E2%80%93Rosenberg_conjecture,1375125283,2026-09-16T00:27:45Z,Category:Unsolved problems in computer science,pages/21681084.wiki
174108,Abc conjecture,https://en.wikipedia.org/wiki/Abc_conjecture,1373746011,2026-09-07T18:24:35Z,Category:Abc conjecture; Category:Unsolved problems in number theory,pages/174108.wiki
17174687,ABC@Home,https://en.wikipedia.org/wiki/ABC%40Home,1327455752,2025-12-14T12:04:10Z,Category:Abc conjecture,pages/17174687.wiki
56768957,Abundance conjecture,https://en.wikipedia.org/wiki/Abundance_conjecture,1371052942,2026-08-24T08:59:09Z,Category:Unsolved problems in geometry,pages/56768957.wiki
1084681,Agoh–Giuga conjecture,https://en.wikipedia.org/wiki/Agoh%E2%80%93Giuga_conjecture,1367213894,2026-08-01T19:20:50Z,Category:Unsolved problems in number theory,pages/1084681.wiki
24205238,Albertson conjecture,https://en.wikipedia.org/wiki/Albertson_conjecture,1335680995,2026-01-30T16:07:19Z,Category:Unsolved problems in graph theory,pages/24205238.wiki
7754592,Andrews–Curtis conjecture,https://en.wikipedia.org/wiki/Andrews%E2%80%93Curtis_conjecture,1374825064,2026-09-14T08:14:00Z,Category:Unsolved problems in mathematics,pages/7754592.wiki
7878893,Andrica's conjecture,https://en.wikipedia.org/wiki/Andrica%27s_conjecture,1370992473,2026-08-24T01:59:56Z,Category:Unsolved problems in number theory,pages/7878893.wiki
72203783,Arnold conjecture,https://en.wikipedia.org/wiki/Arnold_conjecture,1292897466,2025-05-29T13:05:39Z,Category:Unsolved problems in mathematics,pages/72203783.wiki
586357,Artificial general intelligence,https://en.wikipedia.org/wiki/Artificial_general_intelligence,1376219213,2026-09-22T20:48:59Z,Category:Unsolved problems in computer science,pages/586357.wiki
74313930,Artificial intelligence content detection,https://en.wikipedia.org/wiki/Artificial_intelligence_content_detection,1376128118,2026-09-22T05:57:05Z,Category:Unsolved problems in computer science,pages/74313930.wiki
61644530,Artificial wisdom,https://en.wikipedia.org/wiki/Artificial_wisdom,1336662003,2026-02-05T01:21:36Z,Category:Unsolved problems in computer science,pages/61644530.wiki
2085185,Artin's conjecture on primitive roots,https://en.wikipedia.org/wiki/Artin%27s_conjecture_on_primitive_roots,1375097697,2026-09-15T21:29:03Z,Category:Unsolved problems in number theory,pages/2085185.wiki
35131681,Atiyah conjecture on configurations,https://en.wikipedia.org/wiki/Atiyah_conjecture_on_configurations,1121314069,2022-11-11T17:15:48Z,Category:Unsolved problems in geometry,pages/35131681.wiki
61360134,Babai's problem,https://en.wikipedia.org/wiki/Babai%27s_problem,1222845732,2024-05-08T07:39:02Z,Category:Unsolved problems in graph theory,pages/61360134.wiki
3609890,Baillie–PSW primality test,https://en.wikipedia.org/wiki/Baillie%E2%80%93PSW_primality_test,1374862643,2026-09-14T13:54:55Z,Category:Unsolved problems in number theory,pages/3609890.wiki
3949019,Balanced prime,https://en.wikipedia.org/wiki/Balanced_prime,1343175924,2026-03-12T18:57:20Z,Category:Unsolved problems in number theory,pages/3949019.wiki
27088586,Barendregt–Geuvers–Klop conjecture,https://en.wikipedia.org/wiki/Barendregt%E2%80%93Geuvers%E2%80%93Klop_conjecture,611111282,2014-06-01T18:08:40Z,Category:Unsolved problems in computer science,pages/27088586.wiki
28059825,Barnette's conjecture,https://en.wikipedia.org/wiki/Barnette%27s_conjecture,1327781738,2025-12-16T02:38:03Z,Category:Unsolved problems in graph theory,pages/28059825.wiki
32485057,Bass conjecture,https://en.wikipedia.org/wiki/Bass_conjecture,1374575340,2026-09-12T22:01:50Z,Category:Unsolved problems in geometry,pages/32485057.wiki
1085053,Bateman–Horn conjecture,https://en.wikipedia.org/wiki/Bateman%E2%80%93Horn_conjecture,1315330599,2025-10-06T02:14:49Z,Category:Unsolved problems in number theory,pages/1085053.wiki
11774498,Baum–Connes conjecture,https://en.wikipedia.org/wiki/Baum%E2%80%93Connes_conjecture,1332178586,2026-01-10T09:40:02Z,Category:Unsolved problems in mathematics,pages/11774498.wiki
2397539,Beal conjecture,https://en.wikipedia.org/wiki/Beal_conjecture,1372586282,2026-09-01T10:15:49Z,Category:Abc conjecture; Category:Unsolved problems in number theory,pages/2397539.wiki
55828944,Bellman's lost-in-a-forest problem,https://en.wikipedia.org/wiki/Bellman%27s_lost-in-a-forest_problem,1373753124,2026-09-07T19:06:26Z,Category:Unsolved problems in geometry,pages/55828944.wiki
34917820,Berman–Hartmanis conjecture,https://en.wikipedia.org/wiki/Berman%E2%80%93Hartmanis_conjecture,1373364810,2026-09-05T16:11:02Z,Category:Unsolved problems in computer science,pages/34917820.wiki
57169339,Bing–Borsuk conjecture,https://en.wikipedia.org/wiki/Bing%E2%80%93Borsuk_conjecture,1299137183,2025-07-06T19:37:33Z,Category:Unsolved problems in mathematics,pages/57169339.wiki
435161,Birch and Swinnerton-Dyer conjecture,https://en.wikipedia.org/wiki/Birch_and_Swinnerton-Dyer_conjecture,1375561564,2026-09-18T15:21:42Z,Category:Millennium Prize Problems; Category:Unsolved problems in number theory,pages/435161.wiki
7774402,Birch–Tate conjecture,https://en.wikipedia.org/wiki/Birch%E2%80%93Tate_conjecture,1371132949,2026-08-24T20:04:55Z,Category:Unsolved problems in mathematics,pages/7774402.wiki
11831990,Bloch's theorem (complex analysis),https://en.wikipedia.org/wiki/Bloch%27s_theorem_%28complex_analysis%29,1348669907,2026-04-13T19:35:35Z,Category:Unsolved problems in mathematics,pages/11831990.wiki
3142105,Bombieri–Lang conjecture,https://en.wikipedia.org/wiki/Bombieri%E2%80%93Lang_conjecture,1353683814,2026-05-11T19:13:37Z,Category:Unsolved problems in geometry,pages/3142105.wiki
7181855,Borel conjecture,https://en.wikipedia.org/wiki/Borel_conjecture,1352659656,2026-05-05T14:35:06Z,Category:Unsolved problems in geometry,pages/7181855.wiki
56683458,Brennan conjecture,https://en.wikipedia.org/wiki/Brennan_conjecture,1292985634,2025-05-30T00:05:56Z,Category:Unsolved problems in mathematics,pages/56683458.wiki
2620525,Brocard's conjecture,https://en.wikipedia.org/wiki/Brocard%27s_conjecture,1367504125,2026-08-03T13:33:16Z,Category:Unsolved problems in number theory,pages/2620525.wiki
11301521,Brocard's problem,https://en.wikipedia.org/wiki/Brocard%27s_problem,1374401182,2026-09-11T21:07:08Z,Category:Abc conjecture; Category:Unsolved problems in number theory,pages/11301521.wiki
63494981,Brouwer's conjecture,https://en.wikipedia.org/wiki/Brouwer%27s_conjecture,1336143317,2026-02-02T04:15:35Z,Category:Unsolved problems in graph theory,pages/63494981.wiki
20510092,Brumer–Stark conjecture,https://en.wikipedia.org/wiki/Brumer%E2%80%93Stark_conjecture,1268305685,2025-01-09T03:49:35Z,Category:Unsolved problems in number theory,pages/20510092.wiki
12511846,Bunyakovsky conjecture,https://en.wikipedia.org/wiki/Bunyakovsky_conjecture,1328429627,2025-12-19T20:41:26Z,Category:Unsolved problems in number theory,pages/12511846.wiki
151452,Burnside problem,https://en.wikipedia.org/wiki/Burnside_problem,1363859290,2026-07-12T22:47:22Z,Category:Unsolved problems in mathematics,pages/151452.wiki
24471842,Büchi's problem,https://en.wikipedia.org/wiki/B%C3%BCchi%27s_problem,1369143975,2026-08-13T04:09:55Z,Category:Unsolved problems in mathematics,pages/24471842.wiki
29028436,Cameron Leigh Stewart,https://en.wikipedia.org/wiki/Cameron_Leigh_Stewart,1373362365,2026-09-05T15:55:14Z,Category:Abc conjecture,pages/29028436.wiki
19103379,Carmichael's totient function conjecture,https://en.wikipedia.org/wiki/Carmichael%27s_totient_function_conjecture,1328820454,2025-12-22T00:53:05Z,Category:Unsolved problems in number theory,pages/19103379.wiki
37236964,Casas-Alvero conjecture,https://en.wikipedia.org/wiki/Casas-Alvero_conjecture,1369204510,2026-08-13T13:46:11Z,Category:Unsolved problems in number theory,pages/37236964.wiki
62382,Catalan's conjecture,https://en.wikipedia.org/wiki/Catalan%27s_conjecture,1362663371,2026-07-05T13:35:52Z,Category:Abc conjecture,pages/62382.wiki
60094428,Chern's conjecture (affine geometry),https://en.wikipedia.org/wiki/Chern%27s_conjecture_%28affine_geometry%29,1363184191,2026-07-08T16:02:15Z,Category:Unsolved problems in geometry,pages/60094428.wiki
60121551,Chern's conjecture for hypersurfaces in spheres,https://en.wikipedia.org/wiki/Chern%27s_conjecture_for_hypersurfaces_in_spheres,1364196160,2026-07-15T02:38:57Z,Category:Unsolved problems in geometry,pages/60121551.wiki
596282,Class number problem,https://en.wikipedia.org/wiki/Class_number_problem,1365087599,2026-07-20T05:01:47Z,Category:Unsolved problems in number theory,pages/596282.wiki
2980541,Clifford's theorem on special divisors,https://en.wikipedia.org/wiki/Clifford%27s_theorem_on_special_divisors,1261281395,2024-12-05T06:43:07Z,Category:Unsolved problems in geometry,pages/2980541.wiki
37895,Collatz conjecture,https://en.wikipedia.org/wiki/Collatz_conjecture,1376238544,2026-09-22T23:53:36Z,Category:Unsolved problems in number theory,pages/37895.wiki
6497220,Computational complexity of mathematical operations,https://en.wikipedia.org/wiki/Computational_complexity_of_mathematical_operations,1354669852,2026-05-17T18:19:12Z,Category:Unsolved problems in computer science,pages/6497220.wiki
24107400,Computational complexity of matrix multiplication,https://en.wikipedia.org/wiki/Computational_complexity_of_matrix_multiplication,1376073271,2026-09-21T22:14:26Z,Category:Unsolved problems in computer science,pages/24107400.wiki
2334769,Congruent number,https://en.wikipedia.org/wiki/Congruent_number,1367469949,2026-08-03T07:33:43Z,Category:Unsolved problems in number theory,pages/2334769.wiki
59939359,Conway's 99-graph problem,https://en.wikipedia.org/wiki/Conway%27s_99-graph_problem,1335643020,2026-01-30T10:14:37Z,Category:Unsolved problems in graph theory,pages/59939359.wiki
343085,Cousin prime,https://en.wikipedia.org/wiki/Cousin_prime,1300177480,2025-07-12T18:33:26Z,Category:Unsolved problems in number theory,pages/343085.wiki
21261359,Covering problem of Rado,https://en.wikipedia.org/wiki/Covering_problem_of_Rado,1322896164,2025-11-18T13:53:54Z,Category:Unsolved problems in geometry,pages/21261359.wiki
2297820,Covering system,https://en.wikipedia.org/wiki/Covering_system,1373423930,2026-09-05T22:32:55Z,Category:Unsolved problems in number theory,pages/2297820.wiki
290441,Cramér's conjecture,https://en.wikipedia.org/wiki/Cram%C3%A9r%27s_conjecture,1373724162,2026-09-07T15:56:29Z,Category:Unsolved problems in number theory,pages/290441.wiki
48707305,Cuboid conjectures,https://en.wikipedia.org/wiki/Cuboid_conjectures,1223447633,2024-05-12T05:38:13Z,Category:Unsolved problems in number theory,pages/48707305.wiki
321895,Cullen number,https://en.wikipedia.org/wiki/Cullen_number,1350611124,2026-04-22T23:13:28Z,Category:Unsolved problems in number theory,pages/321895.wiki
21486302,Cycle double cover,https://en.wikipedia.org/wiki/Cycle_double_cover,1365384326,2026-07-22T02:02:53Z,Category:Unsolved problems in graph theory,pages/21486302.wiki
2172777,David Masser,https://en.wikipedia.org/wiki/David_Masser,1372487392,2026-09-01T00:13:35Z,Category:Abc conjecture,pages/2172777.wiki
31611712,Dickson's conjecture,https://en.wikipedia.org/wiki/Dickson%27s_conjecture,1348550413,2026-04-13T06:22:06Z,Category:Unsolved problems in number theory,pages/31611712.wiki
11508286,Discrepancy of hypergraphs,https://en.wikipedia.org/wiki/Discrepancy_of_hypergraphs,1342547302,2026-03-09T15:35:47Z,Category:Unsolved problems in mathematics,pages/11508286.wiki
1116842,Discrepancy theory,https://en.wikipedia.org/wiki/Discrepancy_theory,1306140921,2025-08-16T04:56:43Z,Category:Unsolved problems in mathematics,pages/1116842.wiki
181334,Discrete logarithm,https://en.wikipedia.org/wiki/Discrete_logarithm,1374186946,2026-09-10T10:52:12Z,Category:Unsolved problems in computer science,pages/181334.wiki
56244281,Dissection into orthoschemes,https://en.wikipedia.org/wiki/Dissection_into_orthoschemes,1329655970,2025-12-27T07:18:27Z,Category:Unsolved problems in geometry,pages/56244281.wiki
5943744,Divisor summatory function,https://en.wikipedia.org/wiki/Divisor_summatory_function,1340008726,2026-02-23T12:28:12Z,Category:Unsolved problems in number theory,pages/5943744.wiki
72284793,Dixmier problem,https://en.wikipedia.org/wiki/Dixmier_problem,1198857633,2024-01-25T06:46:44Z,Category:Unsolved problems in mathematics,pages/72284793.wiki
72284801,Dixmier Problem,https://en.wikipedia.org/wiki/Dixmier_Problem,1198857682,2024-01-25T06:46:58Z,Category:Unsolved problems in mathematics,pages/72284801.wiki
7536770,Dorian M. Goldfeld,https://en.wikipedia.org/wiki/Dorian_M._Goldfeld,1372353712,2026-08-31T11:01:23Z,Category:Abc conjecture,pages/7536770.wiki
627828,Double Mersenne number,https://en.wikipedia.org/wiki/Double_Mersenne_number,1330715968,2026-01-02T01:56:03Z,Category:Unsolved problems in number theory,pages/627828.wiki
83117639,Dying percolation conjecture,https://en.wikipedia.org/wiki/Dying_percolation_conjecture,1374426129,2026-09-12T00:30:50Z,Category:Unsolved problems in mathematics,pages/83117639.wiki
39921917,Dynamic optimality conjecture,https://en.wikipedia.org/wiki/Dynamic_optimality_conjecture,1124051403,2022-11-27T02:40:54Z,Category:Unsolved problems in computer science,pages/39921917.wiki
72351823,Dynamic Optimality Conjecture,https://en.wikipedia.org/wiki/Dynamic_Optimality_Conjecture,1124051455,2022-11-27T02:41:20Z,Category:Unsolved problems in computer science,pages/72351823.wiki
72683786,Earth–Moon problem,https://en.wikipedia.org/wiki/Earth%E2%80%93Moon_problem,1376086180,2026-09-22T00:11:51Z,Category:Unsolved problems in graph theory,pages/72683786.wiki
8211999,Eilenberg–Ganea conjecture,https://en.wikipedia.org/wiki/Eilenberg%E2%80%93Ganea_conjecture,1363661585,2026-07-11T15:02:16Z,Category:Unsolved problems in mathematics,pages/8211999.wiki
1898427,Elliott–Halberstam conjecture,https://en.wikipedia.org/wiki/Elliott%E2%80%93Halberstam_conjecture,1373058525,2026-09-03T20:35:13Z,Category:Unsolved problems in number theory,pages/1898427.wiki
4312009,Erdős conjecture on arithmetic progressions,https://en.wikipedia.org/wiki/Erd%C5%91s_conjecture_on_arithmetic_progressions,1352599722,2026-05-05T04:32:19Z,Category:Unsolved problems in mathematics,pages/4312009.wiki
63981712,Erdős on Graphs,https://en.wikipedia.org/wiki/Erd%C5%91s_on_Graphs,1360658151,2026-06-22T20:33:40Z,Category:Unsolved problems in graph theory,pages/63981712.wiki
691803,Erdős–Faber–Lovász conjecture,https://en.wikipedia.org/wiki/Erd%C5%91s%E2%80%93Faber%E2%80%93Lov%C3%A1sz_conjecture,1333901339,2026-01-20T11:02:11Z,Category:Unsolved problems in graph theory,pages/691803.wiki
336838,Erdős–Gyárfás conjecture,https://en.wikipedia.org/wiki/Erd%C5%91s%E2%80%93Gy%C3%A1rf%C3%A1s_conjecture,1374287005,2026-09-11T01:46:37Z,Category:Unsolved problems in graph theory,pages/336838.wiki
42585591,Erdős–Hajnal conjecture,https://en.wikipedia.org/wiki/Erd%C5%91s%E2%80%93Hajnal_conjecture,1320631222,2025-11-05T22:26:40Z,Category:Unsolved problems in graph theory,pages/42585591.wiki
53551948,Erdős–Moser equation,https://en.wikipedia.org/wiki/Erd%C5%91s%E2%80%93Moser_equation,1329520664,2025-12-26T14:49:33Z,Category:Unsolved problems in number theory,pages/53551948.wiki
2431002,Erdős–Straus conjecture,https://en.wikipedia.org/wiki/Erd%C5%91s%E2%80%93Straus_conjecture,1367560126,2026-08-03T20:53:46Z,Category:Unsolved problems in number theory,pages/2431002.wiki
31244492,Erdős–Turán conjecture on additive bases,https://en.wikipedia.org/wiki/Erd%C5%91s%E2%80%93Tur%C3%A1n_conjecture_on_additive_bases,1352587850,2026-05-05T02:35:20Z,Category:Unsolved problems in number theory,pages/31244492.wiki
52483865,Erdős–Ulam problem,https://en.wikipedia.org/wiki/Erd%C5%91s%E2%80%93Ulam_problem,1335645810,2026-01-30T10:39:55Z,Category:Abc conjecture; Category:Unsolved problems in number theory,pages/52483865.wiki
12229416,Eternity II puzzle,https://en.wikipedia.org/wiki/Eternity_II_puzzle,1369409307,2026-08-14T20:13:19Z,Category:Unsolved problems in mathematics,pages/12229416.wiki
1666249,Euclid number,https://en.wikipedia.org/wiki/Euclid_number,1321323502,2025-11-09T22:43:44Z,Category:Unsolved problems in number theory,pages/1666249.wiki
10456890,Euclid–Mullin sequence,https://en.wikipedia.org/wiki/Euclid%E2%80%93Mullin_sequence,1227941465,2024-06-08T16:33:44Z,Category:Unsolved problems in number theory,pages/10456890.wiki
1278374,Euler brick,https://en.wikipedia.org/wiki/Euler_brick,1363084020,2026-07-07T23:10:05Z,Category:Unsolved problems in number theory,pages/1278374.wiki
148594,Euler's constant,https://en.wikipedia.org/wiki/Euler%27s_constant,1376177158,2026-09-22T15:15:29Z,Category:Unsolved problems in number theory,pages/148594.wiki
22935957,Expression problem,https://en.wikipedia.org/wiki/Expression_problem,1371816574,2026-08-28T16:57:38Z,Category:Unsolved problems in computer science,pages/22935957.wiki
38368203,Falconer's conjecture,https://en.wikipedia.org/wiki/Falconer%27s_conjecture,1375609435,2026-09-18T21:30:22Z,Category:Unsolved problems in geometry,pages/38368203.wiki
20643804,Farrell–Jones conjecture,https://en.wikipedia.org/wiki/Farrell%E2%80%93Jones_conjecture,1370937006,2026-08-23T20:41:18Z,Category:Unsolved problems in mathematics,pages/20643804.wiki
12756318,Feit–Thompson conjecture,https://en.wikipedia.org/wiki/Feit%E2%80%93Thompson_conjecture,1353413994,2026-05-10T03:38:37Z,Category:Unsolved problems in number theory,pages/12756318.wiki
91127,Fermat number,https://en.wikipedia.org/wiki/Fermat_number,1376030176,2026-09-21T16:11:11Z,Category:Unsolved problems in number theory,pages/91127.wiki
19021953,Fermat's Last Theorem,https://en.wikipedia.org/wiki/Fermat%27s_Last_Theorem,1375981458,2026-09-21T07:04:39Z,Category:Abc conjecture,pages/19021953.wiki
22736152,Fermat–Catalan conjecture,https://en.wikipedia.org/wiki/Fermat%E2%80%93Catalan_conjecture,1357791543,2026-06-04T18:23:04Z,Category:Abc conjecture; Category:Unsolved problems in number theory,pages/22736152.wiki
2502261,Fibonacci prime,https://en.wikipedia.org/wiki/Fibonacci_prime,1350416485,2026-04-21T20:48:33Z,Category:Unsolved problems in number theory,pages/2502261.wiki
13798040,Field with one element,https://en.wikipedia.org/wiki/Field_with_one_element,1339445577,2026-02-20T16:27:33Z,Category:Abc conjecture,pages/13798040.wiki
12083818,Filling area conjecture,https://en.wikipedia.org/wiki/Filling_area_conjecture,1374258679,2026-09-10T21:43:19Z,Category:Unsolved problems in geometry,pages/12083818.wiki
38231808,Finite lattice representation problem,https://en.wikipedia.org/wiki/Finite_lattice_representation_problem,1364856989,2026-07-18T23:04:51Z,Category:Unsolved problems in mathematics,pages/38231808.wiki
36793030,Firoozbakht's conjecture,https://en.wikipedia.org/wiki/Firoozbakht%27s_conjecture,1368644115,2026-08-10T07:06:56Z,Category:Unsolved problems in number theory,pages/36793030.wiki
15114628,Four exponentials conjecture,https://en.wikipedia.org/wiki/Four_exponentials_conjecture,1311761643,2025-09-16T19:29:46Z,Category:Unsolved problems in number theory,pages/15114628.wiki
3821872,Friendly number,https://en.wikipedia.org/wiki/Friendly_number,1361499529,2026-06-28T09:18:12Z,Category:Unsolved problems in number theory,pages/3821872.wiki
34710593,Fröberg conjecture,https://en.wikipedia.org/wiki/Fr%C3%B6berg_conjecture,1296240328,2025-06-18T19:37:33Z,Category:Unsolved problems in geometry,pages/34710593.wiki
3086309,Fujita conjecture,https://en.wikipedia.org/wiki/Fujita_conjecture,1300094741,2025-07-12T07:21:49Z,Category:Unsolved problems in geometry,pages/3086309.wiki
19474055,Gauss circle problem,https://en.wikipedia.org/wiki/Gauss_circle_problem,1369581427,2026-08-15T21:38:21Z,Category:Unsolved problems in number theory,pages/19474055.wiki
35633206,Gaussian moat,https://en.wikipedia.org/wiki/Gaussian_moat,1358223053,2026-06-07T10:34:29Z,Category:Unsolved problems in number theory,pages/35633206.wiki
152567,Generalized Riemann hypothesis,https://en.wikipedia.org/wiki/Generalized_Riemann_hypothesis,1370923804,2026-08-23T19:14:03Z,Category:Unsolved problems in mathematics,pages/152567.wiki
669942,Generalized star-height problem,https://en.wikipedia.org/wiki/Generalized_star-height_problem,1371585137,2026-08-27T06:49:01Z,Category:Unsolved problems in computer science,pages/669942.wiki
72307852,Gilbert–Pollak conjecture,https://en.wikipedia.org/wiki/Gilbert%E2%80%93Pollak_conjecture,1349723302,2026-04-18T16:52:32Z,Category:Unsolved problems in computer science; Category:Unsolved problems in graph theory,pages/72307852.wiki
1010141,Gilbreath's conjecture,https://en.wikipedia.org/wiki/Gilbreath%27s_conjecture,1348550815,2026-04-13T06:25:06Z,Category:Unsolved problems in number theory,pages/1010141.wiki
41730066,Gillies' conjecture,https://en.wikipedia.org/wiki/Gillies%27_conjecture,1364886556,2026-07-19T02:19:38Z,Category:Unsolved problems in number theory,pages/41730066.wiki
2771364,Giuga number,https://en.wikipedia.org/wiki/Giuga_number,1374126910,2026-09-10T00:51:33Z,Category:Unsolved problems in number theory,pages/2771364.wiki
59652628,GNRS conjecture,https://en.wikipedia.org/wiki/GNRS_conjecture,1329671212,2025-12-27T10:09:30Z,Category:Unsolved problems in graph theory,pages/59652628.wiki
44758,Goldbach's conjecture,https://en.wikipedia.org/wiki/Goldbach%27s_conjecture,1376004572,2026-09-21T12:05:31Z,Category:Unsolved problems in number theory,pages/44758.wiki
11327223,Goormaghtigh conjecture,https://en.wikipedia.org/wiki/Goormaghtigh_conjecture,1374401321,2026-09-11T21:08:33Z,Category:Unsolved problems in number theory,pages/11327223.wiki
669864,Grand Riemann hypothesis,https://en.wikipedia.org/wiki/Grand_Riemann_hypothesis,1341884628,2026-03-05T18:56:36Z,Category:Unsolved problems in mathematics,pages/669864.wiki
1950766,Graph isomorphism problem,https://en.wikipedia.org/wiki/Graph_isomorphism_problem,1350231769,2026-04-20T21:14:41Z,Category:Unsolved problems in computer science,pages/1950766.wiki
60008412,Greenberg's conjectures,https://en.wikipedia.org/wiki/Greenberg%27s_conjectures,1372817634,2026-09-02T12:21:55Z,Category:Unsolved problems in number theory,pages/60008412.wiki
6278350,Grimm's conjecture,https://en.wikipedia.org/wiki/Grimm%27s_conjecture,1369806181,2026-08-17T07:51:32Z,Category:Unsolved problems in number theory,pages/6278350.wiki
3135542,Grothendieck–Katz p-curvature conjecture,https://en.wikipedia.org/wiki/Grothendieck%E2%80%93Katz_p-curvature_conjecture,1364886808,2026-07-19T02:22:12Z,Category:Unsolved problems in number theory,pages/3135542.wiki
80318202,Grünbaum–Nash-Williams conjecture,https://en.wikipedia.org/wiki/Gr%C3%BCnbaum%E2%80%93Nash-Williams_conjecture,1329911205,2025-12-28T15:42:33Z,Category:Unsolved problems in graph theory,pages/80318202.wiki
56030165,Gyárfás–Sumner conjecture,https://en.wikipedia.org/wiki/Gy%C3%A1rf%C3%A1s%E2%80%93Sumner_conjecture,1375508681,2026-09-18T06:08:04Z,Category:Unsolved problems in graph theory,pages/56030165.wiki
507553,Hadamard matrix,https://en.wikipedia.org/wiki/Hadamard_matrix,1376288636,2026-09-23T06:33:40Z,Category:Unsolved problems in mathematics,pages/507553.wiki
30556829,Hadamard's maximal determinant problem,https://en.wikipedia.org/wiki/Hadamard%27s_maximal_determinant_problem,1374608854,2026-09-13T02:42:03Z,Category:Unsolved problems in mathematics,pages/30556829.wiki
21851601,Hadwiger conjecture (combinatorial geometry),https://en.wikipedia.org/wiki/Hadwiger_conjecture_%28combinatorial_geometry%29,1335638816,2026-01-30T09:29:04Z,Category:Unsolved problems in geometry,pages/21851601.wiki
1657860,Hadwiger conjecture (graph theory),https://en.wikipedia.org/wiki/Hadwiger_conjecture_%28graph_theory%29,1367057480,2026-07-31T18:14:45Z,Category:Unsolved problems in graph theory,pages/1657860.wiki
3133115,Hadwiger–Nelson problem,https://en.wikipedia.org/wiki/Hadwiger%E2%80%93Nelson_problem,1374749868,2026-09-13T22:44:14Z,Category:Unsolved problems in graph theory,pages/3133115.wiki
7119900,Hall's conjecture,https://en.wikipedia.org/wiki/Hall%27s_conjecture,1368629833,2026-08-10T04:55:25Z,Category:Abc conjecture; Category:Unsolved problems in number theory,pages/7119900.wiki
44342842,Harborth's conjecture,https://en.wikipedia.org/wiki/Harborth%27s_conjecture,1375072585,2026-09-15T18:06:37Z,Category:Unsolved problems in graph theory,pages/44342842.wiki
80498990,Hartmanis–Stearns conjecture,https://en.wikipedia.org/wiki/Hartmanis%E2%80%93Stearns_conjecture,1302947231,2025-07-28T07:38:57Z,Category:Unsolved problems in computer science; Category:Unsolved problems in mathematics,pages/80498990.wiki
1561945,Heesch's problem,https://en.wikipedia.org/wiki/Heesch%27s_problem,1245484214,2024-09-13T07:34:29Z,Category:Unsolved problems in geometry,pages/1561945.wiki
1013950,Heilbronn triangle problem,https://en.wikipedia.org/wiki/Heilbronn_triangle_problem,1367447308,2026-08-03T03:54:56Z,Category:Unsolved problems in mathematics,pages/1013950.wiki
32010162,Hermite's problem,https://en.wikipedia.org/wiki/Hermite%27s_problem,1330821672,2026-01-02T19:49:02Z,Category:Unsolved problems in number theory,pages/32010162.wiki
3603349,Herzog–Schönheim conjecture,https://en.wikipedia.org/wiki/Herzog%E2%80%93Sch%C3%B6nheim_conjecture,1357173515,2026-06-01T04:04:25Z,Category:Unsolved problems in mathematics,pages/3603349.wiki
2336205,Hilbert's fifteenth problem,https://en.wikipedia.org/wiki/Hilbert%27s_fifteenth_problem,1366281517,2026-07-27T04:06:22Z,Category:Unsolved problems in geometry,pages/2336205.wiki
1695214,Hilbert's ninth problem,https://en.wikipedia.org/wiki/Hilbert%27s_ninth_problem,1368310755,2026-08-08T08:56:47Z,Category:Unsolved problems in number theory,pages/1695214.wiki
154584,Hilbert's problems,https://en.wikipedia.org/wiki/Hilbert%27s_problems,1375522837,2026-09-18T08:29:19Z,Category:Unsolved problems in mathematics,pages/154584.wiki
381750,Hilbert's sixteenth problem,https://en.wikipedia.org/wiki/Hilbert%27s_sixteenth_problem,1334411038,2026-01-23T11:06:23Z,Category:Unsolved problems in geometry,pages/381750.wiki
78869128,Hilbert–Arnold problem,https://en.wikipedia.org/wiki/Hilbert%E2%80%93Arnold_problem,1349156932,2026-04-16T01:47:05Z,Category:Unsolved problems in mathematics,pages/78869128.wiki
648004,Hilbert–Pólya conjecture,https://en.wikipedia.org/wiki/Hilbert%E2%80%93P%C3%B3lya_conjecture,1374614024,2026-09-13T03:20:11Z,Category:Unsolved problems in mathematics,pages/648004.wiki
671711,Hilbert–Smith conjecture,https://en.wikipedia.org/wiki/Hilbert%E2%80%93Smith_conjecture,1373380240,2026-09-05T17:32:26Z,Category:Unsolved problems in geometry,pages/671711.wiki
244518,Hodge conjecture,https://en.wikipedia.org/wiki/Hodge_conjecture,1375215656,2026-09-16T13:56:28Z,Category:Millennium Prize Problems,pages/244518.wiki
37007490,Hodge–Arakelov theory,https://en.wikipedia.org/wiki/Hodge%E2%80%93Arakelov_theory,1369197926,2026-08-13T12:46:25Z,Category:Abc conjecture,pages/37007490.wiki
490135,Homological conjectures in commutative algebra,https://en.wikipedia.org/wiki/Homological_conjectures_in_commutative_algebra,1353719150,2026-05-11T23:46:44Z,Category:Unsolved problems in mathematics,pages/490135.wiki
5006843,Hopf conjectures,https://en.wikipedia.org/wiki/Hopf_conjectures,1372036697,2026-08-29T23:51:37Z,Category:Unsolved problems in geometry,pages/5006843.wiki
14556621,Idoneal number,https://en.wikipedia.org/wiki/Idoneal_number,1283811656,2025-04-03T20:12:30Z,Category:Unsolved problems in number theory,pages/14556621.wiki
81259798,Imbalance conjecture,https://en.wikipedia.org/wiki/Imbalance_conjecture,1373950682,2026-09-08T23:01:43Z,Category:Unsolved problems in graph theory,pages/81259798.wiki
27631070,Inscribed square problem,https://en.wikipedia.org/wiki/Inscribed_square_problem,1336213497,2026-02-02T14:47:46Z,Category:Unsolved problems in geometry,pages/27631070.wiki
15491,Integer factorization,https://en.wikipedia.org/wiki/Integer_factorization,1375466356,2026-09-17T23:33:36Z,Category:Unsolved problems in computer science,pages/15491.wiki
691927,Invariant subspace problem,https://en.wikipedia.org/wiki/Invariant_subspace_problem,1366674916,2026-07-29T13:08:58Z,Category:Unsolved problems in mathematics,pages/691927.wiki
739166,Inverse Galois problem,https://en.wikipedia.org/wiki/Inverse_Galois_problem,1372008347,2026-08-29T20:41:29Z,Category:Unsolved problems in mathematics,pages/739166.wiki
79400576,Isomorphism problem of Coxeter groups,https://en.wikipedia.org/wiki/Isomorphism_problem_of_Coxeter_groups,1310333104,2025-09-09T00:34:24Z,Category:Unsolved problems in mathematics,pages/79400576.wiki
72441060,Jacobi bound problem,https://en.wikipedia.org/wiki/Jacobi_bound_problem,1342874946,2026-03-11T03:16:29Z,Category:Unsolved problems in mathematics,pages/72441060.wiki
35458818,Jacobson's conjecture,https://en.wikipedia.org/wiki/Jacobson%27s_conjecture,1183348444,2023-11-03T19:14:56Z,Category:Unsolved problems in mathematics,pages/35458818.wiki
20014458,Jerzy Browkin,https://en.wikipedia.org/wiki/Jerzy_Browkin,1372241037,2026-08-31T00:09:02Z,Category:Abc conjecture,pages/20014458.wiki
1604631,Joseph Oesterlé,https://en.wikipedia.org/wiki/Joseph_Oesterl%C3%A9,1372544627,2026-09-01T04:50:03Z,Category:Abc conjecture,pages/1604631.wiki
18677709,Juggler sequence,https://en.wikipedia.org/wiki/Juggler_sequence,1357450741,2026-06-02T19:00:14Z,Category:Unsolved problems in number theory,pages/18677709.wiki
7767038,K-server problem,https://en.wikipedia.org/wiki/K-server_problem,1352284744,2026-05-03T08:51:19Z,Category:Unsolved problems in computer science,pages/7767038.wiki
39408412,Kalai's 3^d conjecture,https://en.wikipedia.org/wiki/Kalai%27s_3%5Ed_conjecture,1364111300,2026-07-14T15:34:46Z,Category:Unsolved problems in geometry,pages/39408412.wiki
4025490,Kaplansky's conjectures,https://en.wikipedia.org/wiki/Kaplansky%27s_conjectures,1326897497,2025-12-11T14:56:31Z,Category:Unsolved problems in mathematics,pages/4025490.wiki
11391440,Kobon triangle problem,https://en.wikipedia.org/wiki/Kobon_triangle_problem,1374532508,2026-09-12T17:07:52Z,Category:Unsolved problems in geometry,pages/11391440.wiki
77390020,Kotzig's conjecture,https://en.wikipedia.org/wiki/Kotzig%27s_conjecture,1366924136,2026-07-30T22:49:47Z,Category:Unsolved problems in graph theory,pages/77390020.wiki
2478058,Kummer–Vandiver conjecture,https://en.wikipedia.org/wiki/Kummer%E2%80%93Vandiver_conjecture,1364925557,2026-07-19T09:23:36Z,Category:Unsolved problems in number theory,pages/2478058.wiki
2906773,Kurosh problem,https://en.wikipedia.org/wiki/Kurosh_problem,1288214043,2025-05-01T06:28:24Z,Category:Unsolved problems in mathematics,pages/2906773.wiki
5785677,Landau's problems,https://en.wikipedia.org/wiki/Landau%27s_problems,1357581813,2026-06-03T13:41:49Z,Category:Unsolved problems in number theory,pages/5785677.wiki
40052960,"Lander, Parkin, and Selfridge conjecture",https://en.wikipedia.org/wiki/Lander%2C_Parkin%2C_and_Selfridge_conjecture,1374833637,2026-09-14T10:01:36Z,Category:Unsolved problems in number theory,pages/40052960.wiki
52153555,Lebesgue's universal covering problem,https://en.wikipedia.org/wiki/Lebesgue%27s_universal_covering_problem,1141604071,2023-02-25T22:07:43Z,Category:Unsolved problems in geometry,pages/52153555.wiki
2620450,Legendre's conjecture,https://en.wikipedia.org/wiki/Legendre%27s_conjecture,1331535778,2026-01-06T20:49:38Z,Category:Unsolved problems in number theory,pages/2620450.wiki
13739985,Lehmer's conjecture,https://en.wikipedia.org/wiki/Lehmer%27s_conjecture,1358493814,2026-06-09T01:36:30Z,Category:Unsolved problems in number theory,pages/13739985.wiki
39052718,Lehmer's totient problem,https://en.wikipedia.org/wiki/Lehmer%27s_totient_problem,1360890839,2026-06-24T08:21:30Z,Category:Unsolved problems in number theory,pages/39052718.wiki
12552062,Lemoine's conjecture,https://en.wikipedia.org/wiki/Lemoine%27s_conjecture,1368580782,2026-08-09T22:58:30Z,Category:Unsolved problems in number theory,pages/12552062.wiki
21829200,Leopoldt's conjecture,https://en.wikipedia.org/wiki/Leopoldt%27s_conjecture,1365275565,2026-07-21T10:43:03Z,Category:Unsolved problems in number theory,pages/21829200.wiki
1465085,Lindelöf hypothesis,https://en.wikipedia.org/wiki/Lindel%C3%B6f_hypothesis,1361644445,2026-06-29T06:40:45Z,Category:Unsolved problems in number theory,pages/1465085.wiki
600011,List of conjectures,https://en.wikipedia.org/wiki/List_of_conjectures,1374659955,2026-09-13T10:26:52Z,Category:Unsolved problems in mathematics,pages/600011.wiki
336815,List of conjectures by Paul Erdős,https://en.wikipedia.org/wiki/List_of_conjectures_by_Paul_Erd%C5%91s,1374892222,2026-09-14T17:50:58Z,Category:Unsolved problems in mathematics,pages/336815.wiki
12154411,List of problems in loop theory and quasigroup theory,https://en.wikipedia.org/wiki/List_of_problems_in_loop_theory_and_quasigroup_theory,1373665394,2026-09-07T05:00:20Z,Category:Unsolved problems in mathematics,pages/12154411.wiki
1101069,List of unsolved problems in computer science,https://en.wikipedia.org/wiki/List_of_unsolved_problems_in_computer_science,1375094147,2026-09-15T21:06:29Z,Category:Unsolved problems in computer science,pages/1101069.wiki
183091,List of unsolved problems in mathematics,https://en.wikipedia.org/wiki/List_of_unsolved_problems_in_mathematics,1376251573,2026-09-23T01:35:31Z,Category:Unsolved problems in mathematics,pages/183091.wiki
15433382,List of unsolved problems in statistics,https://en.wikipedia.org/wiki/List_of_unsolved_problems_in_statistics,1368324632,2026-08-08T11:19:47Z,Category:Unsolved problems in mathematics,pages/15433382.wiki
627501,Littlewood conjecture,https://en.wikipedia.org/wiki/Littlewood_conjecture,1372078936,2026-08-30T05:07:48Z,Category:Unsolved problems in number theory,pages/627501.wiki
61146406,Log-rank conjecture,https://en.wikipedia.org/wiki/Log-rank_conjecture,1301706576,2025-07-21T07:45:21Z,Category:Unsolved problems in computer science,pages/61146406.wiki
19538953,Lonely runner conjecture,https://en.wikipedia.org/wiki/Lonely_runner_conjecture,1371790914,2026-08-28T13:22:18Z,Category:Unsolved problems in number theory,pages/19538953.wiki
4367424,Lovász conjecture,https://en.wikipedia.org/wiki/Lov%C3%A1sz_conjecture,1280019921,2025-03-12T00:04:09Z,Category:Unsolved problems in graph theory,pages/4367424.wiki
73851558,Lovász–Woodall conjecture,https://en.wikipedia.org/wiki/Lov%C3%A1sz%E2%80%93Woodall_conjecture,1311893849,2025-09-17T14:11:09Z,Category:Unsolved problems in graph theory,pages/73851558.wiki
398404,Lucas number,https://en.wikipedia.org/wiki/Lucas_number,1362026831,2026-07-01T14:26:00Z,Category:Unsolved problems in number theory,pages/398404.wiki
1358112,Lychrel number,https://en.wikipedia.org/wiki/Lychrel_number,1373064776,2026-09-03T21:20:48Z,Category:Unsolved problems in number theory,pages/1358112.wiki
33986587,M/G/k queue,https://en.wikipedia.org/wiki/M/G/k_queue,1310503448,2025-09-10T00:29:42Z,Category:Unsolved problems in mathematics,pages/33986587.wiki
52202,Magic square,https://en.wikipedia.org/wiki/Magic_square,1375445832,2026-09-17T20:43:52Z,Category:Unsolved problems in mathematics,pages/52202.wiki
80075805,Magic square of squares,https://en.wikipedia.org/wiki/Magic_square_of_squares,1374183372,2026-09-10T10:00:39Z,Category:Unsolved problems in mathematics; Category:Unsolved problems in number theory,pages/80075805.wiki
41912043,Manin conjecture,https://en.wikipedia.org/wiki/Manin_conjecture,1346170032,2026-03-30T09:29:18Z,Category:Unsolved problems in number theory,pages/41912043.wiki
26185707,Map folding,https://en.wikipedia.org/wiki/Map_folding,1375383359,2026-09-17T13:38:01Z,Category:Unsolved problems in mathematics,pages/26185707.wiki
30962576,Mason–Stothers theorem,https://en.wikipedia.org/wiki/Mason%E2%80%93Stothers_theorem,1309049109,2025-09-01T21:53:19Z,Category:Abc conjecture,pages/30962576.wiki
76723533,Matrix mortality problem,https://en.wikipedia.org/wiki/Matrix_mortality_problem,1310985988,2025-09-12T18:20:33Z,Category:Unsolved problems in computer science; Category:Unsolved problems in mathematics,pages/76723533.wiki
35695532,McMullen problem,https://en.wikipedia.org/wiki/McMullen_problem,1329522108,2025-12-26T15:03:03Z,Category:Unsolved problems in geometry,pages/35695532.wiki
8478563,Mersenne conjectures,https://en.wikipedia.org/wiki/Mersenne_conjectures,1375207868,2026-09-16T12:55:47Z,Category:Unsolved problems in number theory,pages/8478563.wiki
18908,Mersenne prime,https://en.wikipedia.org/wiki/Mersenne_prime,1373929786,2026-09-08T20:24:47Z,Category:Unsolved problems in number theory,pages/18908.wiki
27599234,Millennium Prize Problems,https://en.wikipedia.org/wiki/Millennium_Prize_Problems,1376250015,2026-09-23T01:25:47Z,Category:Millennium Prize Problems; Category:Unsolved problems in mathematics,pages/27599234.wiki
41375141,Minimum overlap problem,https://en.wikipedia.org/wiki/Minimum_overlap_problem,1373751234,2026-09-07T18:55:24Z,Category:Unsolved problems in number theory,pages/41375141.wiki
21627970,Montgomery's pair correlation conjecture,https://en.wikipedia.org/wiki/Montgomery%27s_pair_correlation_conjecture,1373302437,2026-09-05T04:37:53Z,Category:Unsolved problems in number theory,pages/21627970.wiki
30774748,Moser's worm problem,https://en.wikipedia.org/wiki/Moser%27s_worm_problem,1346750331,2026-04-02T17:27:48Z,Category:Unsolved problems in geometry,pages/30774748.wiki
11413257,Moving sofa problem,https://en.wikipedia.org/wiki/Moving_sofa_problem,1374276149,2026-09-11T00:11:40Z,Category:Unsolved problems in geometry,pages/11413257.wiki
20191641,Mutually unbiased bases,https://en.wikipedia.org/wiki/Mutually_unbiased_bases,1359417366,2026-06-15T04:41:28Z,Category:Unsolved problems in mathematics,pages/20191641.wiki
47297286,N conjecture,https://en.wikipedia.org/wiki/N_conjecture,1361530959,2026-06-28T14:15:28Z,Category:Abc conjecture; Category:Unsolved problems in number theory,pages/47297286.wiki
1732798,Naimark's problem,https://en.wikipedia.org/wiki/Naimark%27s_problem,1198856361,2024-01-25T06:41:10Z,Category:Unsolved problems in mathematics,pages/1732798.wiki
3132530,Nakai conjecture,https://en.wikipedia.org/wiki/Nakai_conjecture,1223447811,2024-05-12T05:40:31Z,Category:Unsolved problems in geometry,pages/3132530.wiki
6013654,Navier–Stokes existence and smoothness,https://en.wikipedia.org/wiki/Navier%E2%80%93Stokes_existence_and_smoothness,1376289675,2026-09-23T06:46:38Z,Category:Millennium Prize Problems; Category:Unsolved problems in mathematics,pages/6013654.wiki
24337776,NC = P problem,https://en.wikipedia.org/wiki/NC_%3D_P_problem,598896903,2014-03-09T22:11:58Z,Category:Unsolved problems in computer science,pages/24337776.wiki
52607854,Nd game,https://en.wikipedia.org/wiki/Nd_game,1306276423,2025-08-16T22:30:39Z,Category:Unsolved problems in mathematics,pages/52607854.wiki
80074033,Nearby Lagrangian conjecture,https://en.wikipedia.org/wiki/Nearby_Lagrangian_conjecture,1355398319,2026-05-21T16:23:07Z,Category:Unsolved problems in mathematics,pages/80074033.wiki
16130126,New digraph reconstruction conjecture,https://en.wikipedia.org/wiki/New_digraph_reconstruction_conjecture,1363585052,2026-07-11T03:15:48Z,Category:Unsolved problems in graph theory,pages/16130126.wiki
62769759,Newman's conjecture,https://en.wikipedia.org/wiki/Newman%27s_conjecture,1356440442,2026-05-27T19:43:15Z,Category:Unsolved problems in number theory,pages/62769759.wiki
323705,Newman–Shanks–Williams prime,https://en.wikipedia.org/wiki/Newman%E2%80%93Shanks%E2%80%93Williams_prime,1364924860,2026-07-19T09:14:17Z,Category:Unsolved problems in number theory,pages/323705.wiki
84226553,Nivat's conjecture,https://en.wikipedia.org/wiki/Nivat%27s_conjecture,1374882168,2026-09-14T16:35:49Z,Category:Unsolved problems in mathematics,pages/84226553.wiki
57687190,Nobushige Kurokawa,https://en.wikipedia.org/wiki/Nobushige_Kurokawa,1372447771,2026-08-31T19:59:00Z,Category:Abc conjecture,pages/57687190.wiki
3035194,Novikov conjecture,https://en.wikipedia.org/wiki/Novikov_conjecture,1365437040,2026-07-22T11:54:09Z,Category:Unsolved problems in geometry,pages/3035194.wiki
24337771,NP = co-NP problem,https://en.wikipedia.org/wiki/NP_%3D_co-NP_problem,598896936,2014-03-09T22:12:12Z,Category:Unsolved problems in computer science,pages/24337771.wiki
9236652,Néron–Tate height,https://en.wikipedia.org/wiki/N%C3%A9ron%E2%80%93Tate_height,1370450931,2026-08-21T04:42:51Z,Category:Abc conjecture,pages/9236652.wiki
55972236,Oberwolfach problem,https://en.wikipedia.org/wiki/Oberwolfach_problem,1349510998,2026-04-17T17:34:07Z,Category:Unsolved problems in graph theory,pages/55972236.wiki
8509589,Odd greedy expansion,https://en.wikipedia.org/wiki/Odd_greedy_expansion,1226038262,2024-05-28T06:12:14Z,Category:Unsolved problems in number theory,pages/8509589.wiki
4860966,Odd perfect number,https://en.wikipedia.org/wiki/Odd_perfect_number,1277516931,2025-02-25T02:49:01Z,Category:Unsolved problems in number theory,pages/4860966.wiki
363890,One-way function,https://en.wikipedia.org/wiki/One-way_function,1368790985,2026-08-11T03:09:55Z,Category:Unsolved problems in computer science,pages/363890.wiki
76773020,Online matrix-vector multiplication problem,https://en.wikipedia.org/wiki/Online_matrix-vector_multiplication_problem,1327696966,2025-12-15T19:20:38Z,Category:Unsolved problems in computer science,pages/76773020.wiki
52498587,Open Problems in Mathematics,https://en.wikipedia.org/wiki/Open_Problems_in_Mathematics,1343258196,2026-03-13T06:20:38Z,Category:Unsolved problems in mathematics,pages/52498587.wiki
29543748,Oppermann's conjecture,https://en.wikipedia.org/wiki/Oppermann%27s_conjecture,1364888908,2026-07-19T02:40:57Z,Category:Unsolved problems in number theory,pages/29543748.wiki
24337758,P = BPP problem,https://en.wikipedia.org/wiki/P_%3D_BPP_problem,785709483,2017-06-15T00:04:14Z,Category:Unsolved problems in computer science,pages/24337758.wiki
24337712,P = PSPACE problem,https://en.wikipedia.org/wiki/P_%3D_PSPACE_problem,785709497,2017-06-15T00:04:19Z,Category:Unsolved problems in computer science,pages/24337712.wiki
6115,P versus NP problem,https://en.wikipedia.org/wiki/P_versus_NP_problem,1376203061,2026-09-22T18:44:42Z,Category:Millennium Prize Problems; Category:Unsolved problems in computer science; Category:Unsolved problems in mathematics,pages/6115.wiki
424723,Palindromic prime,https://en.wikipedia.org/wiki/Palindromic_prime,1369797195,2026-08-17T06:15:04Z,Category:Unsolved problems in number theory,pages/424723.wiki
1802312,Paul Vojta,https://en.wikipedia.org/wiki/Paul_Vojta,1372825053,2026-09-02T13:19:09Z,Category:Abc conjecture,pages/1802312.wiki
1355482,Pell number,https://en.wikipedia.org/wiki/Pell_number,1374592550,2026-09-13T00:23:53Z,Category:Unsolved problems in number theory,pages/1355482.wiki
23670,Perfect number,https://en.wikipedia.org/wiki/Perfect_number,1374426827,2026-09-12T00:36:10Z,Category:Unsolved problems in number theory,pages/23670.wiki
81079117,Pi prime,https://en.wikipedia.org/wiki/Pi_prime,1359532426,2026-06-15T20:28:51Z,Category:Unsolved problems in number theory,pages/81079117.wiki
22052605,Pierce–Birkhoff conjecture,https://en.wikipedia.org/wiki/Pierce%E2%80%93Birkhoff_conjecture,1338742548,2026-02-16T23:40:58Z,Category:Unsolved problems in geometry,pages/22052605.wiki
2595060,Pierpont prime,https://en.wikipedia.org/wiki/Pierpont_prime,1361678244,2026-06-29T12:43:01Z,Category:Unsolved problems in number theory,pages/2595060.wiki
23798,Poincaré conjecture,https://en.wikipedia.org/wiki/Poincar%C3%A9_conjecture,1374518675,2026-09-12T15:36:04Z,Category:Millennium Prize Problems,pages/23798.wiki
3348772,Polignac's conjecture,https://en.wikipedia.org/wiki/Polignac%27s_conjecture,1351966114,2026-05-01T05:38:42Z,Category:Unsolved problems in number theory,pages/3348772.wiki
41731660,Pollock's conjectures,https://en.wikipedia.org/wiki/Pollock%27s_conjectures,1376238210,2026-09-22T23:51:30Z,Category:Unsolved problems in number theory,pages/41731660.wiki
6588124,Pompeiu problem,https://en.wikipedia.org/wiki/Pompeiu_problem,1373904660,2026-09-08T17:12:44Z,Category:Unsolved problems in geometry,pages/6588124.wiki
462499,Powerful number,https://en.wikipedia.org/wiki/Powerful_number,1321267819,2025-11-09T17:08:33Z,Category:Abc conjecture,pages/462499.wiki
812561,Prime quadruplet,https://en.wikipedia.org/wiki/Prime_quadruplet,1339423542,2026-02-20T13:22:53Z,Category:Unsolved problems in number theory,pages/812561.wiki
7493205,Prime triplet,https://en.wikipedia.org/wiki/Prime_triplet,1246079392,2024-09-16T19:36:34Z,Category:Unsolved problems in number theory,pages/7493205.wiki
12437622,Problems in Latin squares,https://en.wikipedia.org/wiki/Problems_in_Latin_squares,1233369739,2024-07-08T18:40:18Z,Category:Unsolved problems in mathematics,pages/12437622.wiki
11702062,Problems involving arithmetic progressions,https://en.wikipedia.org/wiki/Problems_involving_arithmetic_progressions,1285636680,2025-04-14T21:18:20Z,Category:Unsolved problems in number theory,pages/11702062.wiki
16400356,Prouhet–Tarry–Escott problem,https://en.wikipedia.org/wiki/Prouhet%E2%80%93Tarry%E2%80%93Escott_problem,1375338439,2026-09-17T05:33:33Z,Category:Unsolved problems in mathematics,pages/16400356.wiki
321913,Quasiperfect number,https://en.wikipedia.org/wiki/Quasiperfect_number,1312558748,2025-09-21T10:18:12Z,Category:Unsolved problems in number theory,pages/321913.wiki
1634886,Radical of an integer,https://en.wikipedia.org/wiki/Radical_of_an_integer,1359042757,2026-06-12T18:08:29Z,Category:Abc conjecture,pages/1634886.wiki
51244926,Rank of an elliptic curve,https://en.wikipedia.org/wiki/Rank_of_an_elliptic_curve,1372577380,2026-09-01T09:02:04Z,Category:Unsolved problems in number theory,pages/51244926.wiki
255594,Reconstruction conjecture,https://en.wikipedia.org/wiki/Reconstruction_conjecture,1373189455,2026-09-04T13:41:03Z,Category:Unsolved problems in graph theory,pages/255594.wiki
323689,Regular prime,https://en.wikipedia.org/wiki/Regular_prime,1365822533,2026-07-24T16:46:53Z,Category:Unsolved problems in number theory,pages/323689.wiki
9914115,Resolution of singularities,https://en.wikipedia.org/wiki/Resolution_of_singularities,1376238550,2026-09-22T23:53:39Z,Category:Unsolved problems in geometry,pages/9914115.wiki
700981,Ribet's theorem,https://en.wikipedia.org/wiki/Ribet%27s_theorem,1370173785,2026-08-19T14:49:02Z,Category:Abc conjecture,pages/700981.wiki
19344125,Riemann hypothesis,https://en.wikipedia.org/wiki/Riemann_hypothesis,1376197908,2026-09-22T18:05:05Z,Category:Millennium Prize Problems; Category:Unsolved problems in number theory,pages/19344125.wiki
321963,Riesel number,https://en.wikipedia.org/wiki/Riesel_number,1347282983,2026-04-05T20:16:38Z,Category:Unsolved problems in number theory,pages/321963.wiki
38405915,Rota's basis conjecture,https://en.wikipedia.org/wiki/Rota%27s_basis_conjecture,1370827579,2026-08-23T07:56:51Z,Category:Unsolved problems in geometry,pages/38405915.wiki
82859189,Ryser's conjecture on circulant Hadamard matrices,https://en.wikipedia.org/wiki/Ryser%27s_conjecture_on_circulant_Hadamard_matrices,1369844038,2026-08-17T14:43:09Z,Category:Unsolved problems in mathematics,pages/82859189.wiki
89244,Safe and Sophie Germain primes,https://en.wikipedia.org/wiki/Safe_and_Sophie_Germain_primes,1375527779,2026-09-18T09:37:58Z,Category:Unsolved problems in number theory,pages/89244.wiki
2031353,Schanuel's conjecture,https://en.wikipedia.org/wiki/Schanuel%27s_conjecture,1375037872,2026-09-15T14:10:24Z,Category:Unsolved problems in number theory,pages/2031353.wiki
604052,Schinzel's hypothesis H,https://en.wikipedia.org/wiki/Schinzel%27s_hypothesis_H,1371087539,2026-08-24T14:12:22Z,Category:Unsolved problems in number theory,pages/604052.wiki
578650,Scholz conjecture,https://en.wikipedia.org/wiki/Scholz_conjecture,1286134739,2025-04-17T23:24:24Z,Category:Unsolved problems in number theory,pages/578650.wiki
361598,Second Hardy–Littlewood conjecture,https://en.wikipedia.org/wiki/Second_Hardy%E2%80%93Littlewood_conjecture,1362216275,2026-07-02T15:45:16Z,Category:Unsolved problems in number theory,pages/361598.wiki
59632528,Second neighborhood problem,https://en.wikipedia.org/wiki/Second_neighborhood_problem,1345329964,2026-03-25T15:12:48Z,Category:Unsolved problems in graph theory,pages/59632528.wiki
37661889,Section conjecture,https://en.wikipedia.org/wiki/Section_conjecture,1338006108,2026-02-12T17:43:18Z,Category:Unsolved problems in geometry,pages/37661889.wiki
48936369,Separating words problem,https://en.wikipedia.org/wiki/Separating_words_problem,1285525532,2025-04-14T06:31:23Z,Category:Unsolved problems in computer science,pages/48936369.wiki
25943365,Serre's conjecture II,https://en.wikipedia.org/wiki/Serre%27s_conjecture_II,1371051116,2026-08-24T08:33:24Z,Category:Unsolved problems in number theory,pages/25943365.wiki
472700,Serre's multiplicity conjectures,https://en.wikipedia.org/wiki/Serre%27s_multiplicity_conjectures,1371068799,2026-08-24T11:38:34Z,Category:Unsolved problems in mathematics,pages/472700.wiki
343116,Sexy primes,https://en.wikipedia.org/wiki/Sexy_primes,1375602358,2026-09-18T20:27:56Z,Category:Unsolved problems in number theory,pages/343116.wiki
20159695,SIC-POVM,https://en.wikipedia.org/wiki/SIC-POVM,1363967365,2026-07-13T16:39:51Z,Category:Unsolved problems in mathematics,pages/20159695.wiki
1967197,Siegel zero,https://en.wikipedia.org/wiki/Siegel_zero,1373024279,2026-09-03T15:50:39Z,Category:Abc conjecture,pages/1967197.wiki
169570,Sierpiński number,https://en.wikipedia.org/wiki/Sierpi%C5%84ski_number,1374534131,2026-09-12T17:17:42Z,Category:Unsolved problems in number theory,pages/169570.wiki
57577573,Simon problems,https://en.wikipedia.org/wiki/Simon_problems,1375899878,2026-09-20T19:23:42Z,Category:Unsolved problems in mathematics,pages/57577573.wiki
4374033,Singmaster's conjecture,https://en.wikipedia.org/wiki/Singmaster%27s_conjecture,1371072537,2026-08-24T12:12:21Z,Category:Unsolved problems in number theory,pages/4374033.wiki
48160075,Skolem problem,https://en.wikipedia.org/wiki/Skolem_problem,1355948526,2026-05-24T21:34:38Z,Category:Unsolved problems in mathematics,pages/48160075.wiki
8294746,Smale's problems,https://en.wikipedia.org/wiki/Smale%27s_problems,1376289190,2026-09-23T06:40:31Z,Category:Unsolved problems in mathematics,pages/8294746.wiki
1850040,Snake-in-the-box,https://en.wikipedia.org/wiki/Snake-in-the-box,1366107604,2026-07-26T08:55:04Z,Category:Unsolved problems in mathematics,pages/1850040.wiki
26811956,Solving chess,https://en.wikipedia.org/wiki/Solving_chess,1373968586,2026-09-09T01:29:14Z,Category:Unsolved problems in computer science,pages/26811956.wiki
368621,Sphere packing,https://en.wikipedia.org/wiki/Sphere_packing,1375259008,2026-09-16T19:18:46Z,Category:Unsolved problems in geometry,pages/368621.wiki
60089520,Spherical Bernstein's problem,https://en.wikipedia.org/wiki/Spherical_Bernstein%27s_problem,1374571575,2026-09-12T21:30:22Z,Category:Unsolved problems in geometry,pages/60089520.wiki
31948840,Square packing,https://en.wikipedia.org/wiki/Square_packing,1371546349,2026-08-27T02:12:17Z,Category:Unsolved problems in geometry,pages/31948840.wiki
52290066,Square-difference-free set,https://en.wikipedia.org/wiki/Square-difference-free_set,1310034092,2025-09-07T09:19:08Z,Category:Unsolved problems in number theory,pages/52290066.wiki
10470079,Standard conjectures on algebraic cycles,https://en.wikipedia.org/wiki/Standard_conjectures_on_algebraic_cycles,1374346010,2026-09-11T12:51:41Z,Category:Unsolved problems in geometry,pages/10470079.wiki
5685631,Stark conjectures,https://en.wikipedia.org/wiki/Stark_conjectures,1365865648,2026-07-24T22:16:29Z,Category:Unsolved problems in number theory,pages/5685631.wiki
70060173,Sum of four cubes problem,https://en.wikipedia.org/wiki/Sum_of_four_cubes_problem,1333139585,2026-01-15T23:21:42Z,Category:Unsolved problems in number theory,pages/70060173.wiki
28866227,Sumner's conjecture,https://en.wikipedia.org/wiki/Sumner%27s_conjecture,1315922689,2025-10-09T12:45:05Z,Category:Unsolved problems in graph theory,pages/28866227.wiki
60187666,Sums of three cubes,https://en.wikipedia.org/wiki/Sums_of_three_cubes,1374533187,2026-09-12T17:11:51Z,Category:Unsolved problems in number theory,pages/60187666.wiki
81409094,Superintelligence ban,https://en.wikipedia.org/wiki/Superintelligence_ban,1373528675,2026-09-06T13:48:45Z,Category:Unsolved problems in computer science,pages/81409094.wiki
16911683,Superperfect number,https://en.wikipedia.org/wiki/Superperfect_number,1365374288,2026-07-22T00:33:33Z,Category:Unsolved problems in number theory,pages/16911683.wiki
22965231,Supersingular prime (algebraic number theory),https://en.wikipedia.org/wiki/Supersingular_prime_%28algebraic_number_theory%29,1346640370,2026-04-02T00:44:24Z,Category:Unsolved problems in number theory,pages/22965231.wiki
13667880,Synchronizing word,https://en.wikipedia.org/wiki/Synchronizing_word,1340547604,2026-02-26T08:38:10Z,Category:Unsolved problems in computer science,pages/13667880.wiki
7652409,Szilassi polyhedron,https://en.wikipedia.org/wiki/Szilassi_polyhedron,1376137181,2026-09-22T07:35:16Z,Category:Unsolved problems in mathematics,pages/7652409.wiki
18813336,Szpiro's conjecture,https://en.wikipedia.org/wiki/Szpiro%27s_conjecture,1376069537,2026-09-21T21:36:17Z,Category:Abc conjecture; Category:Unsolved problems in number theory,pages/18813336.wiki
25435956,Szymanski's conjecture,https://en.wikipedia.org/wiki/Szymanski%27s_conjecture,1366108543,2026-07-26T09:06:43Z,Category:Unsolved problems in graph theory,pages/25435956.wiki
19332734,Tammes problem,https://en.wikipedia.org/wiki/Tammes_problem,1324230947,2025-11-26T10:38:17Z,Category:Unsolved problems in geometry,pages/19332734.wiki
78731233,Taniyama's problems,https://en.wikipedia.org/wiki/Taniyama%27s_problems,1374655063,2026-09-13T09:42:20Z,Category:Unsolved problems in mathematics,pages/78731233.wiki
16073214,Tarski's exponential function problem,https://en.wikipedia.org/wiki/Tarski%27s_exponential_function_problem,1240187038,2024-08-14T00:37:12Z,Category:Unsolved problems in mathematics,pages/16073214.wiki
3124804,Tate conjecture,https://en.wikipedia.org/wiki/Tate_conjecture,1374396877,2026-09-11T20:33:35Z,Category:Unsolved problems in number theory,pages/3124804.wiki
3104018,Thomson problem,https://en.wikipedia.org/wiki/Thomson_problem,1375126943,2026-09-16T00:41:36Z,Category:Unsolved problems in mathematics,pages/3104018.wiki
78738320,Thurston's 24 questions,https://en.wikipedia.org/wiki/Thurston%27s_24_questions,1320389630,2025-11-04T11:40:30Z,Category:Unsolved problems in mathematics,pages/78738320.wiki
5001103,Tijdeman's theorem,https://en.wikipedia.org/wiki/Tijdeman%27s_theorem,1239733745,2024-08-11T05:32:43Z,Category:Abc conjecture,pages/5001103.wiki
60000338,Tripod packing,https://en.wikipedia.org/wiki/Tripod_packing,1360519102,2026-06-22T00:07:03Z,Category:Unsolved problems in geometry,pages/60000338.wiki
22039971,Turán's brick factory problem,https://en.wikipedia.org/wiki/Tur%C3%A1n%27s_brick_factory_problem,1369230768,2026-08-13T17:50:11Z,Category:Unsolved problems in graph theory,pages/22039971.wiki
73232072,Tuza's conjecture,https://en.wikipedia.org/wiki/Tuza%27s_conjecture,1363377674,2026-07-09T20:44:15Z,Category:Unsolved problems in graph theory,pages/73232072.wiki
41997,Twin prime,https://en.wikipedia.org/wiki/Twin_prime,1375471849,2026-09-18T00:10:28Z,Category:Unsolved problems in number theory,pages/41997.wiki
43452583,Ulam's packing conjecture,https://en.wikipedia.org/wiki/Ulam%27s_packing_conjecture,1314754857,2025-10-03T02:19:11Z,Category:Unsolved problems in geometry,pages/43452583.wiki
70997104,Unfriendly partition,https://en.wikipedia.org/wiki/Unfriendly_partition,1362335070,2026-07-03T08:02:34Z,Category:Unsolved problems in graph theory,pages/70997104.wiki
4308458,Union-closed sets conjecture,https://en.wikipedia.org/wiki/Union-closed_sets_conjecture,1350313043,2026-04-21T06:16:55Z,Category:Unsolved problems in mathematics,pages/4308458.wiki
3000842,Unique games conjecture,https://en.wikipedia.org/wiki/Unique_games_conjecture,1375165775,2026-09-16T04:43:17Z,Category:Unsolved problems in computer science,pages/3000842.wiki
4956355,Unknotting problem,https://en.wikipedia.org/wiki/Unknotting_problem,1319444503,2025-10-29T21:35:21Z,Category:Unsolved problems in geometry,pages/4956355.wiki
13797188,Vaught conjecture,https://en.wikipedia.org/wiki/Vaught_conjecture,1296409660,2025-06-19T21:07:19Z,Category:Unsolved problems in mathematics,pages/13797188.wiki
34694378,Virasoro conjecture,https://en.wikipedia.org/wiki/Virasoro_conjecture,1335401680,2026-01-29T01:13:40Z,Category:Unsolved problems in geometry,pages/34694378.wiki
8175877,Vizing's conjecture,https://en.wikipedia.org/wiki/Vizing%27s_conjecture,1281219996,2025-03-19T01:24:15Z,Category:Unsolved problems in graph theory,pages/8175877.wiki
34682455,Vojta's conjecture,https://en.wikipedia.org/wiki/Vojta%27s_conjecture,1365060223,2026-07-20T01:36:35Z,Category:Abc conjecture; Category:Unsolved problems in number theory,pages/34682455.wiki
22173048,Volume conjecture,https://en.wikipedia.org/wiki/Volume_conjecture,1323104054,2025-11-19T18:57:05Z,Category:Unsolved problems in geometry,pages/22173048.wiki
712166,Wagstaff prime,https://en.wikipedia.org/wiki/Wagstaff_prime,1366161998,2026-07-26T17:23:43Z,Category:Unsolved problems in number theory,pages/712166.wiki
323651,Wall–Sun–Sun prime,https://en.wikipedia.org/wiki/Wall%E2%80%93Sun%E2%80%93Sun_prime,1370481276,2026-08-21T10:08:52Z,Category:Unsolved problems in number theory,pages/323651.wiki
33569,Waring's problem,https://en.wikipedia.org/wiki/Waring%27s_problem,1368657466,2026-08-10T09:43:44Z,Category:Unsolved problems in number theory,pages/33569.wiki
26497499,Waring–Goldbach problem,https://en.wikipedia.org/wiki/Waring%E2%80%93Goldbach_problem,1275919408,2025-02-15T21:24:29Z,Category:Unsolved problems in number theory,pages/26497499.wiki
4120135,Weinstein conjecture,https://en.wikipedia.org/wiki/Weinstein_conjecture,1367019679,2026-07-31T13:11:44Z,Category:Unsolved problems in geometry,pages/4120135.wiki
8213034,Whitehead conjecture,https://en.wikipedia.org/wiki/Whitehead_conjecture,1197367760,2024-01-20T06:22:08Z,Category:Unsolved problems in mathematics,pages/8213034.wiki
323631,Wieferich prime,https://en.wikipedia.org/wiki/Wieferich_prime,1370481335,2026-08-21T10:09:34Z,Category:Abc conjecture; Category:Unsolved problems in number theory,pages/323631.wiki
323646,Wilson prime,https://en.wikipedia.org/wiki/Wilson_prime,1370502238,2026-08-21T13:44:56Z,Category:Unsolved problems in number theory,pages/323646.wiki
29426653,Wolstenholme prime,https://en.wikipedia.org/wiki/Wolstenholme_prime,1370481351,2026-08-21T10:09:52Z,Category:Unsolved problems in number theory,pages/29426653.wiki
321962,Woodall number,https://en.wikipedia.org/wiki/Woodall_number,1350610988,2026-04-22T23:12:19Z,Category:Unsolved problems in number theory,pages/321962.wiki
43934137,X + Y sorting,https://en.wikipedia.org/wiki/X_%2B_Y_sorting,1328369276,2025-12-19T13:18:48Z,Category:Unsolved problems in computer science,pages/43934137.wiki
2393975,Yang–Mills existence and mass gap,https://en.wikipedia.org/wiki/Yang%E2%80%93Mills_existence_and_mass_gap,1368001419,2026-08-06T13:08:06Z,Category:Millennium Prize Problems; Category:Unsolved problems in mathematics,pages/2393975.wiki
60109204,Yau's conjecture on the first eigenvalue,https://en.wikipedia.org/wiki/Yau%27s_conjecture_on_the_first_eigenvalue,1300084659,2025-07-12T05:59:49Z,Category:Unsolved problems in mathematics,pages/60109204.wiki
3480707,Zarankiewicz problem,https://en.wikipedia.org/wiki/Zarankiewicz_problem,1318637041,2025-10-25T02:53:09Z,Category:Unsolved problems in graph theory,pages/3480707.wiki
38271866,Zeeman conjecture,https://en.wikipedia.org/wiki/Zeeman_conjecture,1314394005,2025-10-01T04:41:47Z,Category:Unsolved problems in geometry,pages/38271866.wiki
13668530,Černý conjecture,https://en.wikipedia.org/wiki/%C4%8Cern%C3%BD_conjecture,1146303951,2023-03-24T01:40:27Z,Category:Unsolved problems in computer science; Category:Unsolved problems in graph theory,pages/13668530.wiki
72351781,Černý's conjecture,https://en.wikipedia.org/wiki/%C4%8Cern%C3%BD%27s_conjecture,1146303907,2023-03-24T01:40:02Z,Category:Unsolved problems in computer science; Category:Unsolved problems in graph theory,pages/72351781.wiki
